{"cameraMode":{"drawMode":0,"name":"Shaded","section":"Shading Mode"},"sceneLighting":false,"audioPlay":false,"sceneViewState":{"showFog":true,"showMaterialUpdate":false,"showSkybox":true,"showFlares":true,"showImageEffects":true,"showParticleSystems":true},"in2DMode":false,"pivot":{"x":-2.0242955684661867,"y":1.3075251579284669,"z":-4.166346549987793},"rotation":{"x":-0.20497135818004609,"y":0.6568748354911804,"z":-0.1924487054347992,"w":-0.6996182799339294},"size":6.726442337036133,"orthographic":true}