{"cameraMode":{"drawMode":0,"name":"Shaded","section":"Shading Mode"},"sceneLighting":true,"audioPlay":false,"sceneViewState":{"showFog":true,"showMaterialUpdate":false,"showSkybox":true,"showFlares":true,"showImageEffects":true,"showParticleSystems":true},"in2DMode":false,"pivot":{"x":3.6744484901428224,"y":1.8968505859375,"z":33.667083740234378},"rotation":{"x":-0.20497135818004609,"y":0.6568748354911804,"z":-0.1924487054347992,"w":-0.6996182799339294},"size":4.691136837005615,"orthographic":true}