{"cameraMode":{"drawMode":0,"name":"Shaded","section":"Shading Mode"},"sceneLighting":false,"audioPlay":false,"sceneViewState":{"showFog":true,"showMaterialUpdate":false,"showSkybox":true,"showFlares":true,"showImageEffects":true,"showParticleSystems":true},"in2DMode":false,"pivot":{"x":-0.2983417510986328,"y":1.2611315250396729,"z":-4.181309223175049},"rotation":{"x":-0.20497135818004609,"y":0.6568748354911804,"z":-0.1924487054347992,"w":-0.6996182799339294},"size":10.950419425964356,"orthographic":true}