{"cameraMode":{"drawMode":0,"name":"Shaded","section":"Shading Mode"},"sceneLighting":false,"audioPlay":false,"sceneViewState":{"showFog":true,"showMaterialUpdate":false,"showSkybox":true,"showFlares":true,"showImageEffects":true,"showParticleSystems":true},"in2DMode":false,"pivot":{"x":0.1507207155227661,"y":-0.10780811309814453,"z":0.3244320750236511},"rotation":{"x":-0.2004227340221405,"y":0.7994512319564819,"z":-0.3924192190170288,"w":-0.4083082973957062},"size":3.475456953048706,"orthographic":false}