{"cameraMode":{"drawMode":0,"name":"Shaded","section":"Shading Mode"},"sceneLighting":false,"audioPlay":false,"sceneViewState":{"showFog":true,"showMaterialUpdate":false,"showSkybox":true,"showFlares":true,"showImageEffects":true,"showParticleSystems":true},"in2DMode":false,"pivot":{"x":-0.298677921295166,"y":0.6064704656600952,"z":-4.13645076751709},"rotation":{"x":-0.2004227340221405,"y":0.7994512319564819,"z":-0.3924192190170288,"w":-0.4083082973957062},"size":9.384706497192383,"orthographic":false}