{"cameraMode":{"drawMode":0,"name":"Shaded","section":"Shading Mode"},"sceneLighting":false,"audioPlay":false,"sceneViewState":{"showFog":true,"showMaterialUpdate":false,"showSkybox":true,"showFlares":true,"showImageEffects":true,"showParticleSystems":true},"in2DMode":false,"pivot":{"x":0.14900004863739015,"y":0.46800005435943606,"z":1.059999942779541},"rotation":{"x":-0.2004227340221405,"y":0.7994512319564819,"z":-0.3924192190170288,"w":-0.4083082973957062},"size":9.337770462036133,"orthographic":false}