{"cameraMode":{"drawMode":0,"name":"Shaded","section":"Shading Mode"},"sceneLighting":true,"audioPlay":false,"sceneViewState":{"showFog":true,"showMaterialUpdate":false,"showSkybox":true,"showFlares":true,"showImageEffects":true,"showParticleSystems":true},"in2DMode":false,"pivot":{"x":-11.135671615600586,"y":2.7814416885375978,"z":11.56695556640625},"rotation":{"x":-0.2004227340221405,"y":0.7994512319564819,"z":-0.3924192190170288,"w":-0.4083082973957062},"size":12.202018737792969,"orthographic":false}