{"cameraMode":{"drawMode":0,"name":"Shaded","section":"Shading Mode"},"sceneLighting":false,"audioPlay":false,"sceneViewState":{"showFog":true,"showMaterialUpdate":false,"showSkybox":true,"showFlares":true,"showImageEffects":true,"showParticleSystems":true},"in2DMode":false,"pivot":{"x":-0.298677921295166,"y":0.6064704656600952,"z":-4.13645076751709},"rotation":{"x":-0.5131032466888428,"y":0.005661700386554003,"z":-0.00338512915186584,"w":-0.85830157995224},"size":9.384706497192383,"orthographic":false}