{"cameraMode":{"drawMode":0,"name":"Shaded","section":"Shading Mode"},"sceneLighting":false,"audioPlay":false,"sceneViewState":{"showFog":true,"showMaterialUpdate":false,"showSkybox":true,"showFlares":true,"showImageEffects":true,"showParticleSystems":true},"in2DMode":false,"pivot":{"x":0.16272251307964326,"y":0.4151918888092041,"z":0.16143080592155457},"rotation":{"x":-0.27085354924201968,"y":0.6318044066429138,"z":-0.25111332535743716,"w":-0.6814717054367065},"size":3.475454330444336,"orthographic":false}