{"cameraMode":{"drawMode":0,"name":"Shaded","section":"Shading Mode"},"sceneLighting":false,"audioPlay":false,"sceneViewState":{"showFog":true,"showMaterialUpdate":false,"showSkybox":true,"showFlares":true,"showImageEffects":true,"showParticleSystems":true},"in2DMode":false,"pivot":{"x":0.1384827196598053,"y":0.1084865927696228,"z":11.811460494995118},"rotation":{"x":-0.2909042537212372,"y":0.6307823061943054,"z":-0.27626746892929079,"w":-0.6642023324966431},"size":4.702594757080078,"orthographic":false}