{"cameraMode":{"drawMode":0,"name":"Shaded","section":"Shading Mode"},"sceneLighting":false,"audioPlay":false,"sceneViewState":{"showFog":true,"showMaterialUpdate":false,"showSkybox":true,"showFlares":true,"showImageEffects":true,"showParticleSystems":true},"in2DMode":false,"pivot":{"x":0.1507207155227661,"y":-0.10780811309814453,"z":0.3244320750236511},"rotation":{"x":-0.5131032466888428,"y":0.005661700386554003,"z":-0.00338512915186584,"w":-0.85830157995224},"size":3.475456953048706,"orthographic":false}