{"cameraMode":{"drawMode":0,"name":"Shaded","section":"Shading Mode"},"sceneLighting":false,"audioPlay":false,"sceneViewState":{"showFog":true,"showMaterialUpdate":false,"showSkybox":true,"showFlares":true,"showImageEffects":true,"showParticleSystems":true},"in2DMode":false,"pivot":{"x":-10.183183670043946,"y":0.9469385743141174,"z":12.71151351928711},"rotation":{"x":-0.27085354924201968,"y":0.6318044066429138,"z":-0.25111332535743716,"w":-0.6814717054367065},"size":5.072588920593262,"orthographic":false}