{"cameraMode":{"drawMode":0,"name":"Shaded","section":"Shading Mode"},"sceneLighting":false,"audioPlay":false,"sceneViewState":{"showFog":true,"showMaterialUpdate":false,"showSkybox":true,"showFlares":true,"showImageEffects":true,"showParticleSystems":true},"in2DMode":false,"pivot":{"x":0.14900000393390656,"y":0.46799999475479128,"z":0.8100000023841858},"rotation":{"x":-0.18876568973064423,"y":-0.7011067867279053,"z":0.6574960947036743,"w":-0.20128536224365235},"size":1.3280649185180665,"orthographic":false}