{"cameraMode":{"drawMode":0,"name":"Shaded","section":"Shading Mode"},"sceneLighting":true,"audioPlay":false,"sceneViewState":{"showFog":true,"showMaterialUpdate":false,"showSkybox":true,"showFlares":true,"showImageEffects":true,"showParticleSystems":true},"in2DMode":false,"pivot":{"x":-6.3443922996521,"y":1.933666706085205,"z":20.120502471923829},"rotation":{"x":-0.18988877534866334,"y":0.6237623691558838,"z":-0.15981096029281617,"w":-0.7411634922027588},"size":43.24910354614258,"orthographic":false}