{"cameraMode":{"drawMode":0,"name":"Shaded","section":"Shading Mode"},"sceneLighting":false,"audioPlay":false,"sceneViewState":{"showFog":true,"showMaterialUpdate":false,"showSkybox":true,"showFlares":true,"showImageEffects":true,"showParticleSystems":true},"in2DMode":false,"pivot":{"x":-1.2412450313568116,"y":0.4527152180671692,"z":0.7208056449890137},"rotation":{"x":-0.2909042537212372,"y":0.6307823061943054,"z":-0.27626746892929079,"w":-0.6642023324966431},"size":10.763921737670899,"orthographic":false}