{"cameraMode":{"drawMode":0,"name":"Shaded","section":"Shading Mode"},"sceneLighting":false,"audioPlay":false,"sceneViewState":{"showFog":true,"showMaterialUpdate":false,"showSkybox":true,"showFlares":true,"showImageEffects":true,"showParticleSystems":true},"in2DMode":false,"pivot":{"x":-1.2412450313568116,"y":0.4527152180671692,"z":0.7208056449890137},"rotation":{"x":0.14676815271377564,"y":0.8233447074890137,"z":-0.489513099193573,"w":0.24685940146446229},"size":10.763921737670899,"orthographic":false}