{"cameraMode":{"drawMode":0,"name":"Shaded","section":"Shading Mode"},"sceneLighting":false,"audioPlay":false,"sceneViewState":{"showFog":true,"showMaterialUpdate":false,"showSkybox":true,"showFlares":true,"showImageEffects":true,"showParticleSystems":true},"in2DMode":false,"pivot":{"x":-10.183183670043946,"y":0.9469385743141174,"z":12.71151351928711},"rotation":{"x":0.18419460952281953,"y":0.7999141812324524,"z":-0.30520835518836977,"w":0.48276033997535708},"size":5.072588920593262,"orthographic":true}