{"cameraMode":{"drawMode":0,"name":"Shaded","section":"Shading Mode"},"sceneLighting":false,"audioPlay":false,"sceneViewState":{"showFog":true,"showMaterialUpdate":false,"showSkybox":true,"showFlares":true,"showImageEffects":true,"showParticleSystems":true},"in2DMode":false,"pivot":{"x":0.14900004863739015,"y":0.46800005435943606,"z":1.059999942779541},"rotation":{"x":-0.2199782431125641,"y":0.22387774288654328,"z":-0.05194650962948799,"w":-0.9480453729629517},"size":9.337770462036133,"orthographic":true}