{"cameraMode":{"drawMode":0,"name":"Shaded","section":"Shading Mode"},"sceneLighting":false,"audioPlay":false,"sceneViewState":{"showFog":true,"showMaterialUpdate":false,"showSkybox":true,"showFlares":true,"showImageEffects":true,"showParticleSystems":true},"in2DMode":false,"pivot":{"x":-0.298677921295166,"y":0.6064704656600952,"z":-4.13645076751709},"rotation":{"x":-0.06900625675916672,"y":-0.8988850712776184,"z":0.40465614199638369,"w":-0.1532880663871765},"size":9.384706497192383,"orthographic":true}