{"cameraMode":{"drawMode":0,"name":"Shaded","section":"Shading Mode"},"sceneLighting":false,"audioPlay":false,"sceneViewState":{"showFog":true,"showMaterialUpdate":false,"showSkybox":true,"showFlares":true,"showImageEffects":true,"showParticleSystems":true},"in2DMode":false,"pivot":{"x":0.1384827196598053,"y":0.1084865927696228,"z":11.811460494995118},"rotation":{"x":-0.15059007704257966,"y":0.8366014361381531,"z":-0.44355306029319765,"w":-0.28404486179351809},"size":4.702594757080078,"orthographic":true}