{"cameraMode":{"drawMode":0,"name":"Shaded","section":"Shading Mode"},"sceneLighting":false,"audioPlay":false,"sceneViewState":{"showFog":true,"showMaterialUpdate":false,"showSkybox":true,"showFlares":true,"showImageEffects":true,"showParticleSystems":true},"in2DMode":false,"pivot":{"x":0.16272251307964326,"y":0.4151918888092041,"z":0.16143080592155457},"rotation":{"x":-0.040216781198978427,"y":0.9557358622550964,"z":-0.1561981439590454,"w":-0.24607695639133454},"size":3.475454330444336,"orthographic":true}