{"cameraMode":{"drawMode":0,"name":"Shaded","section":"Shading Mode"},"sceneLighting":false,"audioPlay":false,"sceneViewState":{"showFog":true,"showMaterialUpdate":false,"showSkybox":true,"showFlares":true,"showImageEffects":true,"showParticleSystems":true},"in2DMode":false,"pivot":{"x":0.1507207155227661,"y":-0.10780811309814453,"z":0.3244320750236511},"rotation":{"x":-0.2199782431125641,"y":0.22387774288654328,"z":-0.05194650962948799,"w":-0.9480453729629517},"size":3.475456953048706,"orthographic":true}