{"cameraMode":{"drawMode":0,"name":"Shaded","section":"Shading Mode"},"sceneLighting":true,"audioPlay":false,"sceneViewState":{"showFog":true,"showMaterialUpdate":false,"showSkybox":true,"showFlares":true,"showImageEffects":true,"showParticleSystems":true},"in2DMode":false,"pivot":{"x":-6.232666015625,"y":0.81396484375,"z":32.92626953125},"rotation":{"x":0.36872008442878725,"y":-0.181725412607193,"z":0.07374574989080429,"w":0.9086160063743591},"size":1.6509531736373902,"orthographic":true}