{"cameraMode":{"drawMode":0,"name":"Shaded","section":"Shading Mode"},"sceneLighting":false,"audioPlay":false,"sceneViewState":{"showFog":true,"showMaterialUpdate":false,"showSkybox":true,"showFlares":true,"showImageEffects":true,"showParticleSystems":true},"in2DMode":false,"pivot":{"x":-2.0242955684661867,"y":1.3075251579284669,"z":-4.166346549987793},"rotation":{"x":0.22673869132995606,"y":-0.4434031844139099,"z":0.11700546741485596,"w":0.8592397570610046},"size":6.726442337036133,"orthographic":true}