{"cameraMode":{"drawMode":0,"name":"Shaded","section":"Shading Mode"},"sceneLighting":false,"audioPlay":false,"sceneViewState":{"showFog":true,"showMaterialUpdate":false,"showSkybox":true,"showFlares":true,"showImageEffects":true,"showParticleSystems":true},"in2DMode":false,"pivot":{"x":-0.2983417510986328,"y":1.2611315250396729,"z":-4.181309223175049},"rotation":{"x":-0.11269871890544892,"y":0.886608898639679,"z":-0.33524075150489809,"w":-0.2980557978153229},"size":10.950419425964356,"orthographic":true}