{"cameraMode":{"drawMode":0,"name":"Shaded","section":"Shading Mode"},"sceneLighting":false,"audioPlay":false,"sceneViewState":{"showFog":true,"showMaterialUpdate":false,"showSkybox":true,"showFlares":true,"showImageEffects":true,"showParticleSystems":true},"in2DMode":false,"pivot":{"x":-2.0242955684661867,"y":1.3075251579284669,"z":-4.166346549987793},"rotation":{"x":-0.03929150104522705,"y":0.02008063532412052,"z":-0.0007897241739556193,"w":-0.9990257024765015},"size":6.726442337036133,"orthographic":false}