{"cameraMode":{"drawMode":0,"name":"Shaded","section":"Shading Mode"},"sceneLighting":false,"audioPlay":false,"sceneViewState":{"showFog":true,"showMaterialUpdate":false,"showSkybox":true,"showFlares":true,"showImageEffects":true,"showParticleSystems":true},"in2DMode":false,"pivot":{"x":-0.2983417510986328,"y":1.2611315250396729,"z":-4.181309223175049},"rotation":{"x":-0.03929150104522705,"y":0.02008063532412052,"z":-0.0007897241739556193,"w":-0.9990257024765015},"size":10.950419425964356,"orthographic":false}