{"cameraMode":{"drawMode":0,"name":"Shaded","section":"Shading Mode"},"sceneLighting":true,"audioPlay":false,"sceneViewState":{"showFog":true,"showMaterialUpdate":false,"showSkybox":true,"showFlares":true,"showImageEffects":true,"showParticleSystems":true},"in2DMode":false,"pivot":{"x":-0.4772796630859375,"y":2.8819990158081056,"z":-16.440876007080079},"rotation":{"x":0.11432923376560211,"y":-0.8722366690635681,"z":0.4078636169433594,"w":0.2444981038570404},"size":101.7332534790039,"orthographic":true}